-- phpMyAdmin SQL Dump
-- version 5.2.1
-- https://www.phpmyadmin.net/
--
-- Host: 127.0.0.1
-- Waktu pembuatan: 03 Bulan Mei 2025 pada 17.49
-- Versi server: 10.4.32-MariaDB
-- Versi PHP: 8.1.25

SET SQL_MODE = "NO_AUTO_VALUE_ON_ZERO";
START TRANSACTION;
SET time_zone = "+00:00";


/*!40101 SET @OLD_CHARACTER_SET_CLIENT=@@CHARACTER_SET_CLIENT */;
/*!40101 SET @OLD_CHARACTER_SET_RESULTS=@@CHARACTER_SET_RESULTS */;
/*!40101 SET @OLD_COLLATION_CONNECTION=@@COLLATION_CONNECTION */;
/*!40101 SET NAMES utf8mb4 */;

--
-- Database: `mindara`
--

-- --------------------------------------------------------

--
-- Struktur dari tabel `analisis`
--

DROP TABLE IF EXISTS `analisis`;

CREATE TABLE `analisis` (
  `id` int(11) NOT NULL,
  `user_id` int(11) DEFAULT NULL,
  `tanggal` date DEFAULT NULL,
  `q1` int(11) DEFAULT NULL,
  `q2` int(11) DEFAULT NULL,
  `q3` int(11) DEFAULT NULL,
  `q4` int(11) DEFAULT NULL,
  `q5` int(11) DEFAULT NULL,
  `q6` int(11) DEFAULT NULL,
  `q7` int(11) DEFAULT NULL,
  `q8` int(11) DEFAULT NULL,
  `q9` int(11) DEFAULT NULL,
  `q10` int(11) DEFAULT NULL,
  `skor_total` int(11) DEFAULT NULL,
  `tingkat_stres` varchar(50) DEFAULT NULL
) ENGINE=InnoDB DEFAULT CHARSET=utf8mb4 COLLATE=utf8mb4_general_ci;

-- --------------------------------------------------------

--
-- Struktur dari tabel `hasil_stres`
--

CREATE TABLE `hasil_stres` (
  `id` int(11) NOT NULL,
  `user_id` int(11) NOT NULL,
  `total_skor` int(11) DEFAULT NULL,
  `tingkat_stres` varchar(20) DEFAULT NULL,
  `jawaban` longtext CHARACTER SET utf8mb4 COLLATE utf8mb4_bin DEFAULT NULL CHECK (json_valid(`jawaban`)),
  `tanggal` datetime DEFAULT current_timestamp()
) ENGINE=InnoDB DEFAULT CHARSET=utf8mb4 COLLATE=utf8mb4_general_ci;

-- --------------------------------------------------------

--
-- Struktur dari tabel `hasil_tes`
--

CREATE TABLE `hasil_tes` (
  `id` int(11) NOT NULL,
  `user_id` int(11) DEFAULT NULL,
  `q1` int(11) DEFAULT NULL,
  `q2` int(11) DEFAULT NULL,
  `q3` int(11) DEFAULT NULL,
  `q4` int(11) DEFAULT NULL,
  `q5` int(11) DEFAULT NULL,
  `q6` int(11) DEFAULT NULL,
  `q7` int(11) DEFAULT NULL,
  `q8` int(11) DEFAULT NULL,
  `q9` int(11) DEFAULT NULL,
  `q10` int(11) DEFAULT NULL,
  `total` int(11) DEFAULT NULL,
  `created_at` timestamp NOT NULL DEFAULT current_timestamp()
) ENGINE=InnoDB DEFAULT CHARSET=utf8mb4 COLLATE=utf8mb4_general_ci;

--
-- Dumping data untuk tabel `hasil_tes`
--

INSERT INTO `hasil_tes` (`id`, `user_id`, `q1`, `q2`, `q3`, `q4`, `q5`, `q6`, `q7`, `q8`, `q9`, `q10`, `total`, `created_at`) VALUES
(1, 4, 4, 2, 1, 1, 4, 2, 2, 4, 3, 1, 24, '2025-04-16 13:45:46'),
(19, 5, 2, 3, 1, 0, 4, 0, 1, 2, 2, 4, 23, '2025-04-18 12:15:17'),
(26, 5, 2, 1, 0, 3, 0, 4, 2, 3, 1, 0, 18, '2025-04-19 12:34:08'),
(33, 5, 0, 0, 0, 0, 0, 0, 0, 0, 0, 0, 0, '2025-04-19 14:35:59'),
(34, 6, 2, 2, 2, 1, 2, 3, 2, 2, 1, 1, 5, '2025-05-03 13:59:10'),
(35, 6, 3, 3, 3, 3, 3, 3, 3, 3, 3, 3, 5, '2025-05-03 13:59:10'),
(36, 6, 2, 2, 2, 2, 2, 2, 2, 2, 2, 2, 5, '2025-05-03 13:59:10'),
(37, 6, 3, 3, 3, 3, 3, 3, 3, 3, 3, 3, 5, '2025-05-03 13:59:10'),
(38, 6, 3, 3, 3, 3, 3, 3, 3, 3, 3, 3, 5, '2025-05-03 13:59:10'),
(39, 6, NULL, NULL, NULL, NULL, NULL, NULL, NULL, NULL, NULL, NULL, 5, '2025-05-03 13:59:10'),
(40, 6, NULL, NULL, NULL, NULL, NULL, NULL, NULL, NULL, NULL, NULL, 5, '2025-05-03 13:59:10'),
(41, 6, NULL, NULL, NULL, NULL, NULL, NULL, NULL, NULL, NULL, NULL, 5, '2025-05-03 13:59:10'),
(42, 6, NULL, NULL, NULL, NULL, NULL, NULL, NULL, NULL, NULL, NULL, 5, '2025-05-03 14:17:32');

-- --------------------------------------------------------

--
-- Struktur dari tabel `stress_records`
--

CREATE TABLE `stress_records` (
  `id` int(11) NOT NULL,
  `user_id` int(11) NOT NULL,
  `level` int(11) NOT NULL,
  `recorded_at` datetime NOT NULL
) ENGINE=InnoDB DEFAULT CHARSET=utf8mb4 COLLATE=utf8mb4_general_ci;

--
-- Dumping data untuk tabel `stress_records`
--

INSERT INTO `stress_records` (`id`, `user_id`, `level`, `recorded_at`) VALUES
(1, 6, 5, '2025-04-27 11:50:34'),
(2, 6, 5, '2025-04-27 11:51:28'),
(3, 6, 5, '2025-04-27 11:51:47'),
(4, 6, 5, '2025-04-27 11:53:40'),
(5, 6, 5, '2025-04-27 12:09:44');

-- --------------------------------------------------------

--
-- Struktur dari tabel `users`
--

CREATE TABLE `users` (
  `id` int(11) NOT NULL,
  `nama` varchar(100) NOT NULL,
  `email` varchar(100) NOT NULL,
  `password` varchar(100) NOT NULL,
  `phone` varchar(20) DEFAULT NULL,
  `birthdate` date DEFAULT NULL,
  `gender` varchar(10) DEFAULT NULL,
  `bio` text DEFAULT NULL,
  `notification_preferences` varchar(255) DEFAULT NULL,
  `profile_pic` varchar(255) DEFAULT NULL
) ENGINE=InnoDB DEFAULT CHARSET=utf8mb4 COLLATE=utf8mb4_general_ci;

--
-- Dumping data untuk tabel `users`
--

INSERT INTO `users` (`id`, `nama`, `email`, `password`, `phone`, `birthdate`, `gender`, `bio`, `notification_preferences`, `profile_pic`) VALUES
(4, 'qori', 'qori11@gmail.com', '$2y$10$2aeGVaEw4D8U9lYiikt4Uu79fYs6fBAoS0ORYsSzix1PTElt62dqi', NULL, NULL, NULL, NULL, NULL, NULL),
(5, 'Mi', 'test@gmail.com', '$2y$10$sj3RQYGY17ubX8WPhvh3feVYjOywNY1Nf6EqL5QZnoJDCDdcyJp4W', NULL, NULL, NULL, NULL, NULL, NULL),
(6, 'Ismatul Ilmi', 'isma.tul0702@gmail.com', '$2y$10$efeMgToaD/VOsIy6Niwe4.ImHLvl2FohLbWXoZPymvCmGq2LZG7Mu', '082165089655', '2004-02-07', 'female', 'Saya alhamdulillah', 'important', 'uploads/profile_pics/user_6_1745744410.png');

-- --------------------------------------------------------

--
-- Struktur dari tabel `user_profile`
--

CREATE TABLE `user_profile` (
  `user_id` int(11) NOT NULL,
  `fullname` varchar(100) NOT NULL,
  `email` varchar(100) NOT NULL,
  `phone` varchar(20) DEFAULT NULL,
  `birthdate` date DEFAULT NULL,
  `gender` enum('male','female','other') NOT NULL,
  `bio` text DEFAULT NULL,
  `preferences` text DEFAULT NULL,
  `profile_pic` varchar(255) DEFAULT NULL,
  `created_at` timestamp NOT NULL DEFAULT current_timestamp()
) ENGINE=InnoDB DEFAULT CHARSET=utf8mb4 COLLATE=utf8mb4_general_ci;

--
-- Indexes for dumped tables
--

--
-- Indeks untuk tabel `analisis`
--
ALTER TABLE `analisis`
  ADD PRIMARY KEY (`id`),
  ADD KEY `user_id` (`user_id`);

--
-- Indeks untuk tabel `hasil_stres`
--
ALTER TABLE `hasil_stres`
  ADD PRIMARY KEY (`id`);

--
-- Indeks untuk tabel `hasil_tes`
--
ALTER TABLE `hasil_tes`
  ADD PRIMARY KEY (`id`);

--
-- Indeks untuk tabel `stress_records`
--
ALTER TABLE `stress_records`
  ADD PRIMARY KEY (`id`),
  ADD KEY `user_id` (`user_id`);

--
-- Indeks untuk tabel `users`
--
ALTER TABLE `users`
  ADD PRIMARY KEY (`id`),
  ADD UNIQUE KEY `email` (`email`);

--
-- Indeks untuk tabel `user_profile`
--
ALTER TABLE `user_profile`
  ADD PRIMARY KEY (`user_id`);

--
-- AUTO_INCREMENT untuk tabel yang dibuang
--

--
-- AUTO_INCREMENT untuk tabel `analisis`
--
ALTER TABLE `analisis`
  MODIFY `id` int(11) NOT NULL AUTO_INCREMENT;

--
-- AUTO_INCREMENT untuk tabel `hasil_stres`
--
ALTER TABLE `hasil_stres`
  MODIFY `id` int(11) NOT NULL AUTO_INCREMENT;

--
-- AUTO_INCREMENT untuk tabel `hasil_tes`
--
ALTER TABLE `hasil_tes`
  MODIFY `id` int(11) NOT NULL AUTO_INCREMENT, AUTO_INCREMENT=43;

--
-- AUTO_INCREMENT untuk tabel `stress_records`
--
ALTER TABLE `stress_records`
  MODIFY `id` int(11) NOT NULL AUTO_INCREMENT, AUTO_INCREMENT=6;

--
-- AUTO_INCREMENT untuk tabel `users`
--
ALTER TABLE `users`
  MODIFY `id` int(11) NOT NULL AUTO_INCREMENT, AUTO_INCREMENT=7;

--
-- AUTO_INCREMENT untuk tabel `user_profile`
--
ALTER TABLE `user_profile`
  MODIFY `user_id` int(11) NOT NULL AUTO_INCREMENT;

--
-- Ketidakleluasaan untuk tabel pelimpahan (Dumped Tables)
--

--
-- Ketidakleluasaan untuk tabel `analisis`
--
ALTER TABLE `analisis`
  ADD CONSTRAINT `analisis_ibfk_1` FOREIGN KEY (`user_id`) REFERENCES `users` (`id`);

--
-- Ketidakleluasaan untuk tabel `stress_records`
--
ALTER TABLE `stress_records`
  ADD CONSTRAINT `stress_records_ibfk_1` FOREIGN KEY (`user_id`) REFERENCES `users` (`id`) ON DELETE CASCADE;
COMMIT;

/*!40101 SET CHARACTER_SET_CLIENT=@OLD_CHARACTER_SET_CLIENT */;
/*!40101 SET CHARACTER_SET_RESULTS=@OLD_CHARACTER_SET_RESULTS */;
/*!40101 SET COLLATION_CONNECTION=@OLD_COLLATION_CONNECTION */;
